Year,Exp_Total,Ctrl_Total,Ctrl_Relapse,Mean_Age_Exp,Mean_Age_Ctrl,Female_%_Exp,Female_%_Ctrl,Baseline_HRSD_Exp,Baseline_HRSD_Ctrl,Baseline_BDI_Exp,Baseline_BDI_Ctrl,Previous_Episodes,Medication_%_Exp,Medication_%_Ctrl,No_of_Sessions,Duration_Weeks,Followup_Months,Relapse_Rate_Exp,Relapse_Rate_Ctrl,Predicted_Relapse_Risk
2016.1666666666667,115.16666666666667,85.16666666666667,42.833333333333336,45,46.166666666666664,70.28333333333333,70.43333333333334,7.533333333333334,7.846666666666667,10,14.209999999999999,7.941666666666666,95.51666666666667,93.51666666666667,8,7.5,19.833333333333332,0.3478583687645851,0.4723420514506104,44.23
