Feature,Importance
Relapse_Rate_Exp,0.18677619248070157
Ctrl_Relapse,0.10218292350686912
Baseline_BDI_Exp,0.09217003980939413
Baseline_BDI_Ctrl,0.08973693967170152
Baseline_HRSD_Ctrl,0.07556945839611214
