Model,RMSE,R²
Linear Regression,28.891637954376066,-0.02767219906031837
Random Forest,25.521042298464224,0.19812422283779618
XGBoost,25.937845511198947,0.1717182766847356
